"","group","time_in_serie","length","length_rel","direction","environment","scale"
"1",1,1,32.449963,0.11,56.31,68.3,0
"2",1,1,59.3043,0.2,84.19,67.42,0
"3",1,1,83.761566,0.28,33.31,59.03,0
"4",1,1,35.341194,0.12,64.89,56.18,0
"5",1,1,53.450912,0.18,17.42,57.19,0
"6",1,1,20.248457,0.07,57.09,62.35,0
"7",1,1,30.870699,0.1,65.1,54.4,0
"8",1,1,79.30952,0.27,5.06,53.12,0
"9",1,1,62.225395,0.21,45,59.81,0
"10",1,1,43.081318,0.14,68.2,64.96,0
"11",1,1,58.5235,0.2,56.85,55.08,0
"12",1,1,64.03124,0.22,14.47,59.78,0
"13",1,1,61.073727,0.21,50.31,59.41,0
"14",1,1,139.58868,0.47,28.22,56.14,0
"15",1,1,29.068884,0.1,63.43,57.68,0
"16",1,1,41.59327,0.14,9.69,62.39,0
"17",1,1,297.6592,1,32.52,53.43,0
"18",1,1,51.40039,0.17,52.91,55.95,0
"19",1,1,32.649654,0.11,27.35,51.2,0
"20",1,1,29.15476,0.1,30.96,56.23,0
"21",1,1,104.89042,0.35,41.13,61.66,0
"22",1,1,73.409805,0.25,24.12,49.27,0
"23",1,1,27.202942,0.09,72.9,58.95,0
"24",1,1,63.529522,0.21,28.18,49.55,0
"25",1,1,99.764725,0.34,47.03,46.95,0
"26",1,1,28.635643,0.1,65.22,64.38,0
"27",1,1,61.81424,0.21,9.31,56.55,0
"28",1,1,37.01351,0.12,51.58,44.36,0
"29",1,1,130.80138,0.44,36.61,68.48,0
"30",1,1,26,0.09,67.38,56.06,0
"31",1,1,49.396355,0.17,21.37,54.18,0
"32",1,1,129.80756,0.44,68.77,54.96,0
"33",1,1,46.69047,0.16,46.74,55.76,0
"34",1,1,43.13931,0.14,45.94,62.35,0
"35",1,1,32.202484,0.11,53.84,57.59,0
"36",1,1,63.387695,0.21,6.34,59.6,0
"37",1,1,99.985,0.34,30.67,53.9,0
"38",1,1,109.98637,0.37,49.79,44.66,0
"39",1,1,115.12167,0.39,57.41,67.1,0
"40",1,1,70.45566,0.24,34.59,55.96,0
"41",1,1,33.600594,0.11,53.47,69.32,0
"42",1,1,84.0238,0.28,51.77,62.74,0
"43",1,1,75.10659,0.25,3.05,60.77,0
"44",1,1,24.758837,0.08,43.36,68.26,0
"45",1,1,92.76314,0.31,48.06,61.78,0
"46",1,1,48.8774,0.16,59.24,57.54,0
"47",1,1,31.304953,0.11,63.43,64.63,0
"48",1,1,116.41735,0.39,76.08,64.18,0
"49",1,1,181.5957,0.61,62.45,57.31,0
"50",1,1,64.84597,0.22,17.04,61.66,0
"51",1,1,144.91722,0.49,58.83,51.29,0
"52",1,1,89.1852,0.3,59.7,61.69,0
"53",1,1,36.619667,0.12,55.01,61.36,0
"54",1,1,42.755116,0.14,79.22,55.49,0
"55",1,1,38.470768,0.13,8.97,60.61,0
"56",1,1,37.215588,0.13,30.7,63.98,0
"57",1,1,85.146935,0.29,3.37,71.07,0
"58",1,1,108.52189,0.36,16.6,66.46,0
"59",1,1,26.400757,0.09,24.62,67.31,0
"60",1,3,69.63476,0.23,54.94,55.56,0
"61",1,3,35.510563,0.12,57.65,61.08,0
"62",1,3,23.345236,0.08,80.13,52.14,0
"63",1,3,57.201397,0.19,53.53,64.67,0
"64",1,3,38.27532,0.13,56.73,63.6,0
"65",1,3,122.87392,0.41,56.96,61.82,0
"66",1,3,102.7278,0.35,58.94,64.5,0
"67",1,3,44.553337,0.15,44.09,49.02,0
"68",1,3,156.84706,0.53,49.91,58.02,0
"69",1,3,69.065186,0.23,55.62,61.67,0
"70",1,3,77.87811,0.26,65.74,54.63,0
"71",1,3,83.528435,0.28,58.21,55.8,0
"72",1,3,39.623226,0.13,47.05,58.28,0
"73",1,3,62.625874,0.21,38.52,54.5,0
"74",1,3,78.63841,0.26,82.69,62.01,0
"75",1,3,21.931713,0.07,65.77,59.96,0
"76",1,3,37.161808,0.12,66.19,59.36,0
"77",1,3,136.74063,0.46,55.73,64.02,0
"78",1,3,64.07808,0.22,67.04,59.06,0
"79",1,3,33.24154,0.11,6.91,58.68,0
"80",1,3,75.47185,0.25,57.99,66.44,0
"81",1,3,93.40771,0.31,37.61,61.53,0
"82",1,3,39.20459,0.13,37.75,49.98,0
"83",1,3,37.01351,0.12,38.42,68.61,0
"84",1,3,26.400757,0.09,52.7,68.56,0
"85",1,3,25.059929,0.08,61.39,63.02,0
"86",1,3,144.25671,0.48,7.57,69.75,0
"87",1,4,46.09772,0.15,49.4,54.75,0
"88",1,4,26.24881,0.09,72.26,53.12,0
"89",1,4,17.804493,0.06,38.16,49.99,0
"90",1,4,14.035668,0.05,4.09,54.78,0
"91",1,4,72.8011,0.24,52.82,57.8,0
"92",1,4,51.971146,0.17,11.09,67.52,0
"93",1,4,26.627054,0.09,55.71,55.93,0
"94",1,4,43.046486,0.14,59.26,66.66,0
"95",1,4,15.811388,0.05,71.57,50.52,0
"96",1,4,55.65968,0.19,72.22,74.23,0
"97",1,4,21.954498,0.07,30.07,56.85,0
"98",1,4,22.803509,0.08,52.13,58.81,0
"99",1,4,46.66905,0.16,45,59.29,0
"100",1,4,17.804493,0.06,51.84,67.53,0
"101",1,4,49.47727,0.17,75.96,64.62,0
"102",1,4,14.142136,0.05,8.13,66.23,0
"103",1,4,53.712196,0.18,61.05,65.03,0
"104",1,4,25,0.08,53.13,66.55,0
"105",1,4,32.06244,0.11,3.58,60.93,0
"106",1,4,22.135944,0.07,71.57,67.3,0
"107",1,4,29.732138,0.1,47.73,72.99,0
"108",1,4,17.088007,0.06,69.44,68.94,0
"109",1,4,26,0.09,22.62,68.63,0
"110",1,4,17.117243,0.06,83.29,71.03,0
"111",1,4,19.924858,0.07,72.47,72.76,0
"112",1,4,22.090721,0.07,5.19,69.88,0
"113",1,5,22.203604,0.07,82.23,58.98,0
"114",1,5,41.773197,0.14,47.91,52.41,0
"115",1,5,12.649111,0.04,71.57,62.32,0
"116",1,5,23.086792,0.08,72.35,53.61,0
"117",1,5,15.652476,0.05,26.57,62.61,0
"118",1,5,24.33105,0.08,9.46,57.08,0
"119",1,5,17.804493,0.06,51.84,49.78,0
"120",1,5,38.63936,0.13,10.44,56.02,0
"121",1,5,17.088007,0.06,20.56,60.18,0
"122",1,5,34.713108,0.12,48.5,60.42,0
"123",1,5,21.095022,0.07,31.43,58,0
"124",1,5,41.62932,0.14,65.9,53.35,0
"125",1,5,21.095022,0.07,31.43,57.22,0
"126",1,5,66.730804,0.22,70.75,55.5,0
"127",1,5,23.43075,0.08,39.81,58.89,0
"128",1,5,20.808653,0.07,54.78,54.39,0
"129",1,5,14.866069,0.05,19.65,66.01,0
"130",1,5,12.206555,0.04,55.01,64.72,0
"131",1,5,53.823788,0.18,54.83,68.05,0
"132",1,5,37.202152,0.12,53.75,63.22,0
"133",1,5,59.816387,0.2,51.79,68.48,0
"134",1,5,29.529646,0.1,61.7,58.86,0
"135",1,5,19.849434,0.07,40.91,56.3,0
"136",1,5,80.224686,0.27,4.29,55.28,0
"137",1,5,18.027756,0.06,70.56,58.53,0
"138",1,5,20.615528,0.07,50.91,63.67,0
"139",1,5,42.72002,0.14,32.57,60.03,0
"140",1,5,17.029387,0.06,49.76,60.33,0
"141",1,5,22.472204,0.08,57.72,68.87,0
"142",1,5,14.866069,0.05,42.27,70.14,0
"143",1,5,43.56604,0.15,9.25,63.26,0
"144",1,5,38.600517,0.13,16.56,62.9,0
"145",1,5,26.476404,0.09,10.89,61.45,0
"146",1,5,36.23534,0.12,62.02,62.05,0
"147",1,5,23.537205,0.08,77.74,62.44,0
"148",1,5,23.600847,0.08,36.38,71.63,0
"149",1,5,25.495098,0.09,64.44,69.96,0
"150",1,5,23.769728,0.08,75.38,75.06,0
"151",1,5,12.806249,0.04,38.66,70.63,0
"152",1,5,33.970577,0.11,42.61,70.36,0
"153",1,5,29.698484,0.1,45,69.72,0
"154",1,5,33.24154,0.11,74.29,65.69,0
"155",1,6,39.051247,0.13,50.19,55.51,0
"156",1,6,23.345236,0.08,43.26,55.43,0
"157",1,6,82.006096,0.28,37.57,56.64,0
"158",1,6,36.878178,0.12,40.6,46.25,0
"159",1,6,19.104973,0.06,47.12,59.14,0
"160",1,6,35.468296,0.12,49.57,63.05,0
"161",1,6,23.021729,0.08,55.62,53.79,0
"162",1,6,61.68468,0.21,70.1,50.11,0
"163",1,6,15,0.05,36.87,66.58,0
"164",1,6,15.297058,0.05,78.69,48.11,0
"165",1,6,92.02717,0.31,70.97,67.26,0
"166",1,6,65.551506,0.22,68.52,51.87,0
"167",1,6,68.007355,0.23,19.77,60.13,0
"168",1,6,19.924858,0.07,72.47,65.86,0
"169",1,6,37.01351,0.12,38.42,65.36,0
"170",1,6,73.661385,0.25,41.7,62.69,0
"171",1,6,39.051247,0.13,50.19,60.82,0
"172",1,6,62.968246,0.21,46.93,54.55,0
"173",1,6,21.931713,0.07,65.77,60.45,0
"174",1,6,22.022715,0.07,50.53,52.99,0
"175",1,6,75.591,0.25,27.58,52.89,0
"176",1,6,27.294687,0.09,61.56,69.22,0
"177",1,6,56.85068,0.19,39.29,61.24,0
"178",1,6,34.828148,0.12,50.83,68.14,0
"179",1,6,20.615528,0.07,39.09,68.73,0
"180",1,6,11.313708,0.04,45,67.71,0
"181",1,6,66.40783,0.22,71.57,66.43,0
"182",1,6,20.396078,0.07,11.31,62.17,0
"183",1,6,30.610456,0.1,38.37,64.17,0
"184",1,6,45.694637,0.15,66.8,69.2,0
"185",1,6,32.80244,0.11,52.43,68.66,0
"186",1,6,25.059929,0.08,61.39,70.53,0
"187",1,6,20,0.07,36.87,65.89,0
"188",1,6,18.027756,0.06,56.31,65.2,0
"189",1,6,17.20465,0.06,54.46,72.47,0
"190",1,6,32.01562,0.11,51.34,75.71,0
"191",1,6,19.313208,0.06,68.75,69.25,0
"192",1,6,22.803509,0.08,15.26,72.65,0
"193",1,6,26.24881,0.09,40.36,76.23,0
"194",1,6,27.45906,0.09,56.89,73.16,0
"195",1,7,14.035668,0.05,4.09,53.27,0
"196",1,7,87.92042,0.3,33.87,64.31,0
"197",1,7,23.345236,0.08,46.74,53.26,0
"198",1,7,12.806249,0.04,38.66,61.86,0
"199",1,7,14.3178215,0.05,24.78,51.81,0
"200",1,7,11.7046995,0.04,70.02,66.18,0
"201",1,7,48.332184,0.16,24.44,43.46,0
"202",1,7,12.206555,0.04,55.01,53.21,0
"203",1,7,13.038404,0.04,57.53,54.06,0
"204",1,7,12.206555,0.04,34.99,49.16,0
"205",1,7,37.48333,0.13,80.79,63.27,0
"206",1,7,14.142136,0.05,45,64.62,0
"207",1,7,16.124516,0.05,60.26,62.59,0
"208",1,7,13.601471,0.05,36.03,64.2,0
"209",1,7,20.248457,0.07,69.78,65.87,0
"210",1,7,26.24881,0.09,40.36,54.35,0
"211",1,7,16.27882,0.05,79.38,64.44,0
"212",1,7,49.24429,0.17,77.09,47.23,0
"213",1,7,12.529964,0.04,28.61,65.07,0
"214",1,7,14.56022,0.05,15.95,65.62,0
"215",1,7,12.165525,0.04,9.46,53.62,0
"216",1,7,10.440307,0.04,16.7,65.58,0
"217",1,7,20.615528,0.07,75.96,52.81,0
"218",1,7,29.529646,0.1,28.3,48.15,0
"219",1,7,28.160255,0.09,16.5,64.92,0
"220",1,7,26.076809,0.09,57.53,52.28,0
"221",1,7,15.811388,0.05,18.43,64.42,0
"222",1,7,13.892444,0.05,59.74,55.5,0
"223",1,7,13,0.04,67.38,65.9,0
"224",1,7,13.038404,0.04,85.6,52.44,0
"225",1,7,23.769728,0.08,75.38,67.58,0
"226",1,7,17.888544,0.06,63.43,46.9,0
"227",1,7,17.262676,0.06,79.99,51.87,0
"228",1,7,20.615528,0.07,22.83,54.65,0
"229",1,7,23.345236,0.08,46.74,59.48,0
"230",1,7,36.891735,0.12,32.83,57.09,0
"231",1,7,21.633308,0.07,56.31,65.92,0
"232",1,7,27.294687,0.09,61.56,59.04,0
"233",1,7,11.313708,0.04,45,63.19,0
"234",1,7,17.492855,0.06,30.96,63.29,0
"235",1,7,18.110771,0.06,83.66,64.82,0
"236",1,7,13.892444,0.05,30.26,66.05,0
"237",1,7,60.835846,0.2,64.7,49.61,0
"238",1,7,50.695168,0.17,22.01,68.91,0
"239",1,7,48.83646,0.16,47.49,46.8,0
"240",1,7,15.811388,0.05,34.7,65.53,0
"241",1,7,20.615528,0.07,50.91,52.77,0
"242",1,7,36.249138,0.12,65.56,49.9,0
"243",1,7,31.016125,0.1,69.23,65.33,0
"244",1,7,18.788294,0.06,25.2,52.49,0
"245",1,7,22.803509,0.08,52.13,58.05,0
"246",1,7,18.439089,0.06,49.4,71.03,0
"247",1,7,21.095022,0.07,58.57,69.59,0
"248",1,7,35.846897,0.12,59.86,66.67,0
"249",1,7,32.449963,0.11,56.31,63.35,0
"250",1,7,13.601471,0.05,36.03,64.5,0
"251",1,7,16.552946,0.06,64.98,65.64,0
"252",1,7,15.811388,0.05,55.3,70.58,0
"253",1,7,12.083046,0.04,24.44,67.82,0
"254",1,7,10.816654,0.04,33.69,70.05,0
"255",1,7,15.264338,0.05,58.39,69.27,0
"256",1,7,17.691807,0.06,47.29,72.93,0
"257",1,7,30.083218,0.1,15.42,68.52,0
"258",1,7,17.029387,0.06,49.76,67.35,0
"259",1,7,12.083046,0.04,65.56,71.47,0
"260",1,7,16.552946,0.06,25.02,72.37,0
"261",1,8,12.649111,0.04,71.57,68.24,0
"262",1,8,16.27882,0.05,79.38,56.89,0
"263",1,8,17.464249,0.06,66.37,69.36,0
"264",1,8,15.524175,0.05,75.07,51.31,0
"265",1,8,14.142136,0.05,8.13,62.1,0
"266",1,8,15.264338,0.05,31.61,56.35,0
"267",1,8,15.6205,0.05,39.81,65.11,0
"268",1,8,28.160255,0.09,16.5,62.33,0
"269",1,8,24.186773,0.08,60.26,69.52,0
"270",1,8,43.829212,0.15,27.15,60.96,0
"271",1,8,20,0.07,36.87,56.27,0
"272",1,8,15.6205,0.05,50.19,67.72,0
"273",1,8,35.35534,0.12,45,69.59,0
"274",1,8,35.77709,0.12,63.43,68.06,0
"275",1,8,12.649111,0.04,18.43,70.14,0
"276",1,8,29.732138,0.1,70.35,63.26,0
"277",1,8,19.235384,0.06,27.9,68.21,0
"278",1,8,12.649111,0.04,71.57,50.97,0
"279",1,8,32.984844,0.11,14.04,70.39,0
"280",1,8,14.3178215,0.05,12.09,67.68,0
"281",1,8,13.601471,0.05,72.9,51.67,0
"282",1,8,47.010635,0.16,38.09,73.56,0
"283",1,8,24.698177,0.08,31.76,69.19,0
"284",1,8,39.217342,0.13,70.64,52.66,0
"285",1,8,32.55764,0.11,10.62,51.38,0
"286",1,8,18.867962,0.06,57.99,71.26,0
"287",1,8,21.260292,0.07,41.19,68.68,0
"288",1,8,22.36068,0.08,10.3,51.21,0
"289",1,8,22.803509,0.08,37.87,51.93,0
"290",1,8,25,0.08,16.26,72.77,0
"291",1,8,30.413813,0.1,46.33,65.2,0
"292",1,8,15.652476,0.05,26.57,74.81,0
"293",1,8,19.235384,0.06,8.97,72.93,0
"294",1,8,21.540659,0.07,68.2,61.8,0
"295",1,8,31.241,0.1,39.81,55.32,0
"296",1,8,16.27882,0.05,47.49,53.28,0
"297",1,8,72.20111,0.24,59.17,67.73,0
"298",1,8,15.524175,0.05,75.07,65.82,0
"299",1,8,65.29931,0.22,27.35,61.88,0
"300",1,8,47.296936,0.16,13.45,70.68,0
"301",1,8,21.377558,0.07,79.22,59.37,0
"302",1,8,28.178005,0.09,27.47,66.32,0
"303",1,8,33.01515,0.11,35.13,55.65,0
"304",1,8,15.297058,0.05,78.69,71.06,0
"305",1,8,46.818798,0.16,70.02,47,0
"306",1,8,16.155495,0.05,21.8,66.25,0
"307",1,8,22.135944,0.07,71.57,53.67,0
"308",1,8,32.24903,0.11,29.74,65,0
"309",1,8,16.970562,0.06,45,64.16,0
"310",1,8,65.06919,0.22,46.25,70.2,0
"311",1,8,13,0.04,67.38,65.48,0
"312",1,8,36.40055,0.12,69.08,68.29,0
"313",1,8,33.941124,0.11,45,65.22,0
"314",1,8,20.12461,0.07,26.57,70.66,0
"315",1,8,17.492855,0.06,59.04,62.24,0
"316",1,8,39.824615,0.13,61.5,76.01,0
"317",1,8,25.23886,0.08,56.31,68.76,0
"318",1,8,20.880613,0.07,16.7,67.74,0
"319",1,8,16.552946,0.06,64.98,69.52,0
"320",1,8,17.20465,0.06,54.46,71.03,0
"321",1,8,22.203604,0.07,54.16,74.09,0
"322",1,8,21.470911,0.07,62.24,71.14,0
"323",1,8,17.888544,0.06,26.57,71.47,0
"324",1,8,25.495098,0.09,41.82,66.23,0
"325",1,8,15.556349,0.05,45,71.93,0
"326",1,8,20.12461,0.07,63.43,72.59,0
"327",1,8,8.485281,0.03,45,71.2,0
"328",1,9,61,0.2,79.61,66.27,0
"329",1,9,17.029387,0.06,49.76,60.13,0
"330",1,9,18.867962,0.06,32.01,54.76,0
"331",1,9,19.235384,0.06,27.9,67.29,0
"332",1,9,75.32596,0.25,5.33,57.98,0
"333",1,9,17.20465,0.06,54.46,59.89,0
"334",1,9,81.8352,0.27,57.48,40.42,0
"335",1,9,17.492855,0.06,30.96,58.26,0
"336",1,9,29.732138,0.1,47.73,58.88,0
"337",1,9,51.088158,0.17,49.76,61.47,0
"338",1,9,27.202942,0.09,17.1,55.65,0
"339",1,9,15.132746,0.05,7.59,56.24,0
"340",1,9,26.305893,0.09,8.75,57.49,0
"341",1,9,17.029387,0.06,49.76,56.8,0
"342",1,9,34.655445,0.12,43.83,66.66,0
"343",1,9,41.231056,0.14,22.83,61.9,0
"344",1,9,16.970562,0.06,45,59.24,0
"345",1,9,121.70867,0.41,28.46,59.81,0
"346",1,9,52.83938,0.18,29.48,54.36,0
"347",1,9,16.155495,0.05,68.2,58.97,0
"348",1,9,47.010635,0.16,38.09,66.86,0
"349",1,9,74.94665,0.25,18.68,62.29,0
"350",1,9,26.925823,0.09,31.33,56.95,0
"351",1,9,31.320919,0.11,16.7,49.56,0
"352",1,9,34.132095,0.11,31.83,55.78,0
"353",1,9,20.518284,0.07,43.03,62.24,0
"354",1,9,45.88028,0.15,73.54,61.24,0
"355",1,9,21.84033,0.07,15.95,68.69,0
"356",1,9,16.763054,0.06,17.35,61.49,0
"357",1,9,29.068884,0.1,49.18,55.54,0
"358",1,9,44.94441,0.15,32.28,60.88,0
"359",1,9,31.016125,0.1,20.77,58.64,0
"360",1,9,58.694122,0.2,45.69,52.71,0
"361",1,9,26.172504,0.09,43.45,49.97,0
"362",1,9,84.97058,0.29,26.57,55.87,0
"363",1,9,54.08327,0.18,70.56,65.94,0
"364",1,9,41.01219,0.14,45,55.78,0
"365",1,9,16.763054,0.06,72.65,63.49,0
"366",1,9,36.40055,0.12,52.82,55.99,0
"367",1,9,37.48333,0.13,46.08,68.21,0
"368",1,9,28.42534,0.1,39.29,64.35,0
"369",1,9,20.12461,0.07,26.57,57.23,0
"370",1,9,27.89265,0.09,75.47,70.19,0
"371",1,9,37.48333,0.13,80.79,64.68,0
"372",1,9,41.036568,0.14,43.03,66.67,0
"373",1,9,43.60046,0.15,53.39,71.95,0
"374",1,9,68,0.23,61.93,62.25,0
"375",1,9,13.928389,0.05,21.04,67.61,0
"376",1,9,34.713108,0.12,11.63,67.98,0
"377",1,9,15.6205,0.05,39.81,65.97,0
"378",1,9,29.427877,0.1,9.78,68.44,0
"379",1,9,31.38471,0.11,59.35,63.42,0
"380",1,9,25.079872,0.08,66.5,61.29,0
"381",1,9,21.954498,0.07,30.07,65.28,0
"382",1,9,24.207438,0.08,38.29,69.71,0
"383",1,9,29.15476,0.1,22.17,59.04,0
"384",1,9,46.238514,0.16,21.57,71.61,0
"385",1,9,29.614185,0.1,78.31,49.87,0
"386",1,9,47.41308,0.16,62.35,68.44,0
"387",1,9,17.720045,0.06,16.39,67.9,0
"388",1,9,19.723083,0.07,30.47,64.69,0
"389",1,9,23.769728,0.08,14.62,49.94,0
"390",1,9,25.495098,0.09,41.82,65.11,0
"391",1,9,18.027756,0.06,19.44,66.11,0
"392",1,9,26.925823,0.09,21.8,54.3,0
"393",1,9,19.697716,0.07,23.96,53.32,0
"394",1,9,39.217342,0.13,19.36,72.97,0
"395",1,9,18.027756,0.06,70.56,71.77,0
"396",1,9,16.492422,0.06,14.04,73.46,0
"397",1,9,27.784887,0.09,59.74,71.01,0
"398",1,9,22.472204,0.08,69.15,62.55,0
"399",1,9,44.04543,0.15,50.53,60.96,0
"400",1,9,30.870699,0.1,24.9,70.49,0
"401",1,9,28.319605,0.1,42.14,62.83,0
"402",1,9,17.691807,0.06,47.29,66.69,0
"403",1,9,43.931767,0.15,48.69,58.9,0
"404",1,9,18.439089,0.06,12.53,68.2,0
"405",1,9,17.029387,0.06,49.76,63.73,0
"406",1,9,74.330345,0.25,5.4,57.83,0
"407",1,9,19.209373,0.06,51.34,69.24,0
"408",1,9,41.109608,0.14,71.57,62.19,0
"409",1,9,31.400637,0.11,52.77,60.22,0
"410",1,9,19.313208,0.06,68.75,73.87,0
"411",1,9,28.86174,0.1,75.96,67.25,0
"412",1,9,64.63745,0.22,34.92,70.05,0
"413",1,9,37.202152,0.12,36.25,58.98,0
"414",1,9,21.470911,0.07,27.76,61.55,0
"415",1,9,44.102154,0.15,32.97,69.78,0
"416",1,9,52.17279,0.18,12.17,68.85,0
"417",1,9,22.472204,0.08,20.85,54.88,0
"418",1,9,23.194826,0.08,7.43,59.64,0
"419",1,9,43.081318,0.14,68.2,60.71,0
"420",1,9,24.04163,0.08,45,67.05,0
"421",1,9,20.248457,0.07,32.91,70.1,0
"422",1,9,37,0.12,18.92,63.52,0
"423",1,9,18.681541,0.06,15.52,65.45,0
"424",1,9,41.785164,0.14,21.04,64.22,0
"425",1,9,45.607018,0.15,74.74,70.31,0
"426",1,9,43.416588,0.15,51.55,56.86,0
"427",1,9,31.827662,0.11,46.27,71.82,0
"428",1,9,19.723083,0.07,59.53,64.88,0
"429",1,9,21.633308,0.07,56.31,68.01,0
"430",1,9,37.64306,0.13,50.39,62.06,0
"431",1,9,19.849434,0.07,40.91,63.59,0
"432",1,9,25.553865,0.09,30.58,63.26,0
"433",1,9,42.48529,0.14,26.57,56,0
"434",1,9,37.589893,0.13,28.61,64.86,0
"435",1,9,14.422205,0.05,33.69,71.63,0
"436",1,9,52.392746,0.18,66.37,68.27,0
"437",1,9,74.404305,0.25,53.75,71.52,0
"438",1,9,31.400637,0.11,37.23,72.15,0
"439",1,9,14.866069,0.05,19.65,54.33,0
"440",1,9,68.24954,0.23,39.05,66.68,0
"441",1,9,17.117243,0.06,83.29,78.01,0
"442",1,9,23.769728,0.08,75.38,72,0
"443",1,9,28.600698,0.1,53.53,66.83,0
"444",1,9,20.59126,0.07,29.05,67.37,0
"445",1,9,35.468296,0.12,49.57,67.28,0
"446",1,9,27.513634,0.09,70.91,74.3,0
"447",1,9,35.468296,0.12,49.57,75.44,0
"448",1,9,39.40812,0.13,35.71,62.47,0
"449",1,9,36.40055,0.12,69.08,67.79,0
"450",1,9,37.536648,0.13,48.24,72.78,0
"451",1,9,20.518284,0.07,46.97,63.52,0
"452",1,9,20.248457,0.07,69.78,60.25,0
"453",1,9,75.29276,0.25,30.31,66.92,0
"454",1,9,45.80393,0.15,53.88,69.14,0
"455",1,9,52.810986,0.18,18.78,72.71,0
"456",1,9,21.377558,0.07,10.78,69.71,0
"457",1,9,44.38468,0.15,22.52,64.67,0
"458",1,9,25.495098,0.09,11.31,66.29,0
"459",1,9,26,0.09,22.62,73.86,0
"460",1,9,25.059929,0.08,28.61,68.78,0
"461",1,9,58.137768,0.2,49.18,76.6,0
"462",1,9,19.209373,0.06,38.66,68.64,0
"463",1,9,19.209373,0.06,38.66,66.2,0
"464",1,9,21.260292,0.07,41.19,70.73,0
"465",1,9,35.22783,0.12,6.52,70.59,0
"466",1,10,13.601471,0.05,53.97,61.38,0
"467",1,10,49.24429,0.17,66.04,58.42,0
"468",1,10,11.7046995,0.04,70.02,63.15,0
"469",1,10,17.464249,0.06,13.24,58.41,0
"470",1,10,16.124516,0.05,7.13,55.95,0
"471",1,10,38.27532,0.13,33.27,56.59,0
"472",1,10,17.464249,0.06,76.76,59.18,0
"473",1,10,23.769728,0.08,75.38,62.77,0
"474",1,10,13,0.04,67.38,62.34,0
"475",1,10,24.207438,0.08,38.29,61.04,0
"476",1,10,13,0.04,22.62,65.49,0
"477",1,10,18.601076,0.06,53.75,64.67,0
"478",1,10,35.846897,0.12,59.86,61.85,0
"479",1,10,39.357338,0.13,62.78,67.66,0
"480",1,10,29.206163,0.1,51.95,54.09,0
"481",1,10,34.655445,0.12,46.17,61.74,0
"482",1,10,13.341664,0.04,77.01,63.96,0
"483",1,10,16.492422,0.06,75.96,48.27,0
"484",1,10,29.15476,0.1,67.83,66.53,0
"485",1,10,37.48333,0.13,43.92,63.72,0
"486",1,10,10.816654,0.04,33.69,64.79,0
"487",1,10,17.029387,0.06,40.24,69.85,0
"488",1,10,16.124516,0.05,7.13,62.54,0
"489",1,10,17,0.06,61.93,58.11,0
"490",1,10,17.117243,0.06,83.29,54.97,0
"491",1,10,14.21267,0.05,39.29,60.32,0
"492",1,10,15.811388,0.05,18.43,52.62,0
"493",1,10,24.04163,0.08,45,58.06,0
"494",1,10,25.317978,0.09,9.09,71.59,0
"495",1,10,16.970562,0.06,45,63.68,0
"496",1,10,14.21267,0.05,39.29,67.91,0
"497",1,10,33.54102,0.11,10.3,62.57,0
"498",1,10,43.829212,0.15,34.78,56.96,0
"499",1,10,14.422205,0.05,33.69,72.25,0
"500",1,10,20.396078,0.07,78.69,60.69,0
"501",1,10,15.652476,0.05,63.43,65.84,0
"502",1,10,22.36068,0.08,63.43,68.54,0
"503",1,10,22.203604,0.07,7.77,58.98,0
"504",1,10,15,0.05,53.13,66.53,0
"505",1,10,12.083046,0.04,24.44,67,0
"506",1,10,10.816654,0.04,56.31,68.58,0
"507",1,10,15.6205,0.05,50.19,60.19,0
"508",1,10,24.738634,0.08,75.96,54.71,0
"509",1,10,20.248457,0.07,69.78,63.61,0
"510",1,10,25.059929,0.08,61.39,64.5,0
"511",1,10,11.401754,0.04,15.26,66.31,0
"512",1,10,31.622776,0.11,55.3,67.31,0
"513",1,10,32.280025,0.11,16.19,72.38,0
"514",1,10,40.706264,0.14,62.18,63.03,0
"515",1,10,29.068884,0.1,40.82,65.12,0
"516",1,10,37.536648,0.13,48.24,65.27,0
"517",1,10,11.18034,0.04,26.57,66.05,0
"518",1,10,13.341664,0.04,77.01,59.64,0
"519",1,10,15.811388,0.05,55.3,60.32,0
"520",1,10,27.018513,0.09,38.99,62.46,0
"521",1,10,12.206555,0.04,55.01,58.37,0
"522",1,10,31.906113,0.11,57.8,67.55,0
"523",1,10,21.095022,0.07,31.43,65.69,0
"524",1,10,42.43819,0.14,55.56,69.53,0
"525",1,10,33.955853,0.11,13.63,62.2,0
"526",1,10,46.486557,0.16,18.82,71.27,0
"527",1,10,16.155495,0.05,21.8,73.8,0
"528",1,10,16.124516,0.05,60.26,75.65,0
"529",1,10,10.29563,0.03,29.05,62.76,0
"530",1,10,11.18034,0.04,79.7,66.83,0
"531",1,10,14.3178215,0.05,65.22,70.92,0
"532",1,10,15.652476,0.05,63.43,75.49,0
"533",1,10,11.18034,0.04,10.3,66.21,0
"534",1,10,14.56022,0.05,74.05,58.48,0
"535",1,10,14.21267,0.05,39.29,70.51,0
"536",1,10,19.723083,0.07,59.53,68.69,0
"537",1,10,34.20526,0.11,15.26,67.62,0
"538",1,10,15.264338,0.05,58.39,68.13,0
"539",1,10,7.81025,0.03,39.81,68.44,0
"540",1,10,39.115215,0.13,57.53,64.89,0
"541",1,10,24.04163,0.08,16.93,69.79,0
"542",1,10,43.185646,0.15,5.31,69.13,0
"543",1,10,28.178005,0.09,27.47,66.39,0
"544",1,10,63.348244,0.21,11.84,75.05,0
"545",1,10,19.104973,0.06,47.12,69.44,0
"546",1,10,19.79899,0.07,45,70.64,0
"547",1,10,25,0.08,36.87,71.35,0
"548",1,10,22.472204,0.08,20.85,73.15,0
"549",1,10,10.816654,0.04,33.69,74.56,0
"550",2,1,44.181442,0.15,5.19,47.58,100
"551",2,1,112.1606,0.38,68.01,50.89,100
"552",2,1,34.43835,0.12,25.82,46.83,100
"553",2,1,53.25411,0.18,34.29,52.6,100
"554",2,1,160.52414,0.54,30.72,54.25,100
"555",2,1,46.572525,0.16,14.93,58.91,100
"556",2,1,73.4983,0.25,33.91,50.81,100
"557",2,1,31.400637,0.11,37.23,56.93,100
"558",2,1,89.19641,0.3,47.73,58.88,100
"559",2,1,45.122055,0.15,12.8,54.22,100
"560",2,1,102.528046,0.34,20.56,54.61,100
"561",2,1,31.622776,0.11,34.7,53.76,100
"562",2,1,87.46428,0.29,5.91,45.55,100
"563",2,1,68.65858,0.23,12.62,52.65,100
"564",2,1,85.08819,0.29,29.58,52.51,100
"565",2,1,81.84131,0.27,26.88,46.38,100
"566",2,1,50.96077,0.17,15.95,54.09,100
"567",2,1,64.3506,0.22,32.95,53.97,100
"568",2,1,49.40648,0.17,54.06,48.41,100
"569",2,1,38.118237,0.13,4.51,51.59,100
"570",2,1,65.8559,0.22,48.08,52.33,100
"571",2,1,78.23043,0.26,57.53,48.81,100
"572",2,1,36.23534,0.12,27.98,50.19,100
"573",2,1,45.607018,0.15,15.26,59.64,100
"574",2,1,38.27532,0.13,33.27,51.9,100
"575",2,1,135.97794,0.46,18.43,49.78,100
"576",2,1,127.27922,0.43,8.13,55.38,100
"577",2,1,111.83023,0.38,54.46,43.17,100
"578",2,1,69.29646,0.23,45,37.64,100
"579",2,1,76.537575,0.26,61.09,42.76,100
"580",2,1,39.623226,0.13,79.82,49.91,100
"581",2,1,25.70992,0.09,13.5,55.34,100
"582",2,1,26.172504,0.09,83.42,53.42,100
"583",2,1,32.55764,0.11,10.62,56.99,100
"584",2,1,37.589893,0.13,61.39,59.4,100
"585",2,1,28.301943,0.1,32.01,60.53,100
"586",2,1,61.09828,0.21,21.1,56.79,100
"587",2,1,116.70904,0.39,12.37,59.21,100
"588",2,1,107.37784,0.36,4.81,54.89,100
"589",2,1,36.345562,0.12,7.91,59.33,100
"590",2,1,57.31492,0.19,6.01,51.96,100
"591",2,2,41.231056,0.14,14.04,42.46,100
"592",2,2,18.973665,0.06,18.43,52.02,100
"593",2,2,61.188232,0.21,11.31,41.72,100
"594",2,2,19.235384,0.06,27.9,55.74,100
"595",2,2,44.28318,0.15,6.48,52.8,100
"596",2,2,59.48109,0.2,27,46.23,100
"597",2,2,22.671568,0.08,41.42,61.32,100
"598",2,2,74.94665,0.25,58.64,50.2,100
"599",2,2,29.681644,0.1,32.62,59.53,100
"600",2,2,98.65597,0.33,10.51,64.25,100
"601",2,2,47.423622,0.16,42.44,41.96,100
"602",2,2,61.269894,0.21,26.15,55.21,100
"603",2,2,55.081757,0.19,15.8,53.89,100
"604",2,2,65.21503,0.22,35.64,53.6,100
"605",2,2,19.924858,0.07,72.47,47.49,100
"606",2,2,33.24154,0.11,83.09,35.37,100
"607",2,2,45.96738,0.15,45.88,52.55,100
"608",2,2,75.272835,0.25,70.6,52.1,100
"609",2,2,46.615448,0.16,54.61,58.58,100
"610",2,2,47.201694,0.16,53.62,52.72,100
"611",2,2,20.22375,0.07,81.47,57.4,100
"612",2,2,46.32494,0.16,76.26,57.7,100
"613",2,2,25.612497,0.09,51.34,61.43,100
"614",2,2,99.32774,0.33,16.98,59.17,100
"615",2,3,30.149628,0.1,5.71,41.56,100
"616",2,3,23.086792,0.08,4.97,43.8,100
"617",2,3,31.827662,0.11,46.27,54.26,100
"618",2,3,45.122055,0.15,12.8,59.97,100
"619",2,3,28.231188,0.09,22.93,41.99,100
"620",2,3,64.53681,0.22,12.53,49.87,100
"621",2,3,27.166155,0.09,6.34,51.73,100
"622",2,3,40.804413,0.14,72.9,46.13,100
"623",2,3,52.611786,0.18,8.75,53.05,100
"624",2,3,36.124783,0.12,48.37,49.19,100
"625",2,3,61.854668,0.21,55.54,52.85,100
"626",2,3,20.09975,0.07,84.29,49.37,100
"627",2,3,50.447994,0.17,39.37,52.98,100
"628",2,3,21.470911,0.07,27.76,54.62,100
"629",2,3,17.262676,0.06,10.01,58.62,100
"630",2,3,40.311287,0.14,46.01,55.49,100
"631",2,3,25.298222,0.08,18.43,55.62,100
"632",2,3,71.11962,0.24,27.65,55.03,100
"633",2,3,26.925823,0.09,68.2,60.02,100
"634",2,3,19.235384,0.06,81.03,61,100
"635",2,3,34.828148,0.12,50.83,53.12,100
"636",2,3,31.38471,0.11,59.35,47.89,100
"637",2,3,20.396078,0.07,78.69,45.46,100
"638",2,3,32.75668,0.11,12.34,60.46,100
"639",2,3,21.189621,0.07,19.29,62.92,100
"640",2,4,47.518417,0.16,8.47,19.15,100
"641",2,4,59.908264,0.2,14.5,42.24,100
"642",2,4,31.06445,0.1,33.18,56.35,100
"643",2,4,46.615448,0.16,22.71,48.68,100
"644",2,4,91.78235,0.31,11.31,49.63,100
"645",2,4,56.648037,0.19,20.67,50.65,100
"646",2,4,73.33485,0.25,5.48,43.86,100
"647",2,4,23.600847,0.08,53.62,55.99,100
"648",2,4,17.720045,0.06,73.61,58.65,100
"649",2,4,23.409399,0.08,19.98,49.57,100
"650",2,4,47.169907,0.16,32.01,60.75,100
"651",2,4,18.027756,0.06,70.56,54.59,100
"652",2,4,27.58623,0.09,46.47,56.28,100
"653",2,4,24.351591,0.08,19.18,51.91,100
"654",2,4,27.658634,0.09,12.53,50.04,100
"655",2,4,18.601076,0.06,53.75,47.16,100
"656",2,4,18.027756,0.06,56.31,44.91,100
"657",2,4,19.235384,0.06,62.1,41.63,100
"658",2,4,21.400934,0.07,52.59,51.23,100
"659",2,4,126.625435,0.43,24.74,54.73,100
"660",2,5,40.311287,0.14,7.13,13.5,100
"661",2,5,95.71834,0.32,32.2,27.52,100
"662",2,5,36.71512,0.12,29.36,29.56,100
"663",2,5,31.575306,0.11,10.95,33.57,100
"664",2,5,38.832977,0.13,34.51,39.87,100
"665",2,5,27.202942,0.09,36.03,45.8,100
"666",2,5,57.428215,0.19,7,43.79,100
"667",2,5,45.486263,0.15,33.34,41.66,100
"668",2,5,36.67424,0.12,11,45.03,100
"669",2,5,72.691124,0.24,7.91,41.07,100
"670",2,5,23.086792,0.08,17.65,44.55,100
"671",2,5,42.544094,0.14,23.55,43.46,100
"672",2,5,40.4475,0.14,8.53,32.72,100
"673",2,5,22.090721,0.07,5.19,43.88,100
"674",2,5,85,0.29,28.07,38.57,100
"675",2,5,27.45906,0.09,10.49,48.54,100
"676",2,5,26.476404,0.09,10.89,48.21,100
"677",2,5,21.095022,0.07,5.44,37.86,100
"678",2,5,179.32373,0.6,17.53,46.2,100
"679",2,5,24.083189,0.08,48.37,42.67,100
"680",2,5,46.173584,0.16,4.97,43.75,100
"681",2,5,30.870699,0.1,24.9,34.69,100
"682",2,5,97.984695,0.33,14.18,53.4,100
"683",2,5,27.45906,0.09,10.49,48.77,100
"684",2,5,30.083218,0.1,15.42,42.72,100
"685",2,5,22.472204,0.08,32.28,48.59,100
"686",2,5,31.016125,0.1,20.77,45.41,100
"687",2,5,86.34813,0.29,13.39,50.42,100
"688",2,5,50,0.17,16.26,44.65,100
"689",2,5,58.24088,0.2,15.95,50.27,100
"690",2,5,50,0.17,16.26,46.64,100
"691",2,5,39.962482,0.13,31.7,35.56,100
"692",2,5,19.646883,0.07,14.74,50.03,100
"693",2,5,42.047592,0.14,2.73,51.23,100
"694",2,5,49.67897,0.17,49.9,53.37,100
"695",2,5,46.957428,0.16,26.57,50.75,100
"696",2,5,26.832815,0.09,63.43,47.22,100
"697",2,5,21.023796,0.07,25.35,50.16,100
"698",2,5,84.5281,0.28,10.91,45.05,100
"699",2,5,55.027267,0.18,19.09,49.75,100
"700",2,5,64.884514,0.22,28.54,59.03,100
"701",2,5,63.97656,0.21,24.96,51.05,100
"702",2,5,27.294687,0.09,28.44,57.01,100
"703",2,5,22.36068,0.08,63.43,59.13,100
"704",2,5,33.970577,0.11,47.39,47.23,100
"705",2,5,43.27817,0.15,40.31,54.24,100
"706",2,5,18.027756,0.06,19.44,53.76,100
"707",2,5,56.435802,0.19,7.13,49.1,100
"708",2,5,19.924858,0.07,17.53,51.73,100
"709",2,5,54.20332,0.18,60.12,44.24,100
"710",2,5,54.120235,0.18,27.51,48.88,100
"711",2,5,19.235384,0.06,8.97,46.58,100
"712",2,5,21.213203,0.07,8.13,46.98,100
"713",2,5,21.189621,0.07,70.71,40.43,100
"714",2,5,50.119858,0.17,28.61,40.91,100
"715",2,5,22.135944,0.07,18.43,44.56,100
"716",2,5,50.990196,0.17,64.44,57.76,100
"717",2,5,52.3259,0.18,45,53.24,100
"718",2,5,27.58623,0.09,46.47,51.62,100
"719",2,5,20.248457,0.07,69.78,47.91,100
"720",2,5,82.20097,0.28,9.81,57.68,100
"721",2,5,62.39391,0.21,6.44,56.21,100
"722",2,6,32.140316,0.11,5.36,14.24,100
"723",2,6,67.20863,0.23,46.81,44.44,100
"724",2,6,66.068146,0.22,39.47,57.46,100
"725",2,6,29.681644,0.1,32.62,48.86,100
"726",2,6,68.8186,0.23,35.54,50.05,100
"727",2,6,96.938126,0.33,47.09,55.31,100
"728",2,6,44.294468,0.15,28.3,55.11,100
"729",2,6,62.297672,0.21,18.73,57.7,100
"730",2,6,77.62087,0.26,14.93,44.22,100
"731",2,6,31.764761,0.11,28.18,55.86,100
"732",2,6,43.68066,0.15,15.95,52.34,100
"733",2,6,36.221542,0.12,6.34,57.15,100
"734",2,6,55.081757,0.19,15.8,56.76,100
"735",2,6,31.890438,0.11,48.81,52.11,100
"736",2,6,65,0.22,14.25,49.16,100
"737",2,6,75.802376,0.25,8.34,51.69,100
"738",2,6,67.72001,0.23,16.29,51.6,100
"739",2,6,80.21222,0.27,54.13,52.33,100
"740",2,6,65.551506,0.22,21.48,55.24,100
"741",2,6,37.65634,0.13,10.71,49.94,100
"742",2,6,49.396355,0.17,21.37,42.68,100
"743",2,6,32.75668,0.11,31.26,41,100
"744",2,6,25,0.08,36.87,41.8,100
"745",2,6,22.472204,0.08,20.85,48.89,100
"746",2,6,55.226807,0.19,42.06,56.42,100
"747",2,6,62.201286,0.21,36.5,53.47,100
"748",2,6,50.219517,0.17,12.65,51.37,100
"749",2,6,37.802116,0.13,37.48,48.97,100
"750",2,6,61.522354,0.21,45.66,57.92,100
"751",2,6,45.276924,0.15,43.21,54.96,100
"752",2,6,40.60788,0.14,52,59.16,100
"753",2,6,50.96077,0.17,15.95,55.61,100
"754",2,6,88.20431,0.3,3.9,52.25,100
"755",2,7,62.968246,0.21,43.07,49.65,100
"756",2,7,49.648766,0.17,62.4,63.64,100
"757",2,7,35.22783,0.12,6.52,58.54,100
"758",2,7,48.373547,0.16,7.13,59.16,100
"759",2,7,20,0.07,53.13,56.18,100
"760",2,7,20.615528,0.07,39.09,53.47,100
"761",2,7,44.72136,0.15,63.43,56.99,100
"762",2,7,99.744675,0.34,25.54,62.29,100
"763",2,7,83.19255,0.28,25.64,57.43,100
"764",2,7,32.695564,0.11,66.57,56.74,100
"765",2,7,87.658424,0.29,27.15,56.57,100
"766",2,7,20.518284,0.07,43.03,47.05,100
"767",2,7,96.26006,0.32,34.85,56.09,100
"768",2,7,53.600372,0.18,14.04,46.37,100
"769",2,7,26.24881,0.09,17.74,51.85,100
"770",2,7,20.22375,0.07,8.53,53.44,100
"771",2,7,57.48913,0.19,49.94,55.21,100
"772",2,7,93.770996,0.32,7.35,50.5,100
"773",2,7,25.632011,0.09,20.56,60.93,100
"774",2,7,21.189621,0.07,19.29,47.73,100
"775",2,7,47.201694,0.16,36.38,55.65,100
"776",2,7,35.22783,0.12,34.59,53.95,100
"777",2,7,27.45906,0.09,33.11,57.76,100
"778",2,7,32.449963,0.11,33.69,58.66,100
"779",2,7,21.400934,0.07,52.59,58.67,100
"780",2,7,73.78347,0.25,32.83,66.15,100
"781",2,7,26.832815,0.09,63.43,56.74,100
"782",2,7,31.38471,0.11,30.65,61.12,100
"783",2,7,60.53924,0.2,30.8,61.3,100
"784",2,7,64.381676,0.22,46.89,60.34,100
"785",2,7,43.416588,0.15,61.07,65.99,100
"786",2,7,39.319206,0.13,7.31,61.36,100
"787",2,7,47.507893,0.16,59.66,57.47,100
"788",2,7,23.086792,0.08,17.65,62.85,100
"789",2,7,26.076809,0.09,32.47,62.39,100
"790",2,7,35.22783,0.12,6.52,67.27,100
"791",2,8,47.38143,0.16,7.27,17.8,100
"792",2,8,25.179358,0.08,6.84,19.64,100
"793",2,8,20.615528,0.07,22.83,5.66,100
"794",2,8,18.973665,0.06,18.43,15.93,100
"795",2,8,122.33152,0.41,4.22,43.81,100
"796",2,8,51.24451,0.17,5.6,25.74,100
"797",2,8,62.26556,0.21,29.86,35.9,100
"798",2,8,31.04835,0.1,14.93,32.88,100
"799",2,8,19.416489,0.07,11.89,39.97,100
"800",2,8,35.17101,0.12,14.83,44.48,100
"801",2,8,40.22437,0.14,55.12,42.74,100
"802",2,8,17.117243,0.06,6.71,47.63,100
"803",2,8,29.832869,0.1,13.57,49.77,100
"804",2,8,47.201694,0.16,53.62,42.19,100
"805",2,8,50.219517,0.17,12.65,47.5,100
"806",2,8,91.21951,0.31,12.67,57.33,100
"807",2,8,55.65968,0.19,17.78,45.31,100
"808",2,8,23.194826,0.08,7.43,43.51,100
"809",2,8,72.780495,0.24,12.7,47.59,100
"810",2,8,28.460499,0.1,18.43,47.43,100
"811",2,8,41.484936,0.14,15.38,46.17,100
"812",2,8,99.62429,0.33,19.34,48.24,100
"813",2,8,42.059483,0.14,28.39,36.77,100
"814",2,8,27.45906,0.09,10.49,50.78,100
"815",2,8,19.235384,0.06,27.9,53.58,100
"816",2,8,65.802734,0.22,16.78,51.07,100
"817",2,8,25.495098,0.09,25.56,47.22,100
"818",2,8,30.805843,0.1,13.13,50.88,100
"819",2,8,25.942244,0.09,27.55,49.09,100
"820",2,8,34.48188,0.12,29.54,39.09,100
"821",2,8,40.24922,0.14,26.57,50.21,100
"822",2,8,28.442924,0.1,10.12,48.96,100
"823",2,8,18.384777,0.06,45,54.77,100
"824",2,8,31.780497,0.11,24.15,52.22,100
"825",2,8,34.539833,0.12,22.11,51.55,100
"826",2,8,111.40018,0.37,16.16,54.94,100
"827",2,8,33.734257,0.11,11.98,53.27,100
"828",2,8,18.681541,0.06,15.52,53.36,100
"829",2,8,16.643316,0.06,32.74,53.36,100
"830",2,8,45.17743,0.15,27.7,55.38,100
"831",2,8,47.296936,0.16,13.45,46.63,100
"832",2,8,17.117243,0.06,6.71,52.81,100
"833",2,8,75.00667,0.25,47.16,46.75,100
"834",2,8,35.846897,0.12,30.14,60.67,100
"835",2,8,29.732138,0.1,19.65,50.4,100
"836",2,8,22.561028,0.08,12.8,49.23,100
"837",2,8,138.07968,0.46,12.12,56.78,100
"838",2,8,21.023796,0.07,64.65,52.58,100
"839",2,8,32.80244,0.11,37.57,56.13,100
"840",2,8,46.389652,0.16,7.43,51.32,100
"841",2,8,77.46612,0.26,11.16,52.73,100
"842",2,8,65.14599,0.22,17.88,57.05,100
"843",2,8,87.23531,0.29,25.1,58.78,100
"844",2,8,28.79236,0.1,20.32,52.71,100
"845",2,8,52.009613,0.17,52.03,58.35,100
"846",2,8,23.345236,0.08,9.87,48.01,100
"847",2,8,41.18252,0.14,29.05,53.27,100
"848",2,8,45.88028,0.15,20.41,57.05,100
"849",2,8,50.606323,0.17,29.6,54.24,100
"850",2,8,90.27181,0.3,4.45,52.8,100
"851",2,8,24.351591,0.08,19.18,48.41,100
"852",2,8,43.32436,0.15,18.85,50.09,100
"853",2,8,57.45433,0.19,31.48,58.24,100
"854",2,8,34.48188,0.12,29.54,55.17,100
"855",2,8,16.492422,0.06,14.04,49.62,100
"856",2,8,50.159744,0.17,23.5,43.98,100
"857",2,8,30.232433,0.1,34.22,53.74,100
"858",2,8,28.635643,0.1,12.09,49.61,100
"859",2,8,98.9798,0.33,18.25,54.21,100
"860",2,8,36.67424,0.12,11,49.94,100
"861",2,8,85,0.29,8.8,57.66,100
"862",2,8,18.35756,0.06,29.36,45.21,100
"863",2,8,42.579338,0.14,9.46,48.33,100
"864",2,8,93.03763,0.31,25.46,54.6,100
"865",2,8,17.029387,0.06,49.76,46.44,100
"866",2,8,20.396078,0.07,11.31,47.91,100
"867",2,8,22.135944,0.07,18.43,46.49,100
"868",2,8,17.804493,0.06,51.84,62.01,100
"869",2,8,38.832977,0.13,11.89,46.71,100
"870",2,8,81.32035,0.27,16.43,56.2,100
"871",2,8,42.047592,0.14,25.35,56.29,100
"872",2,8,55.362442,0.19,20.07,47.13,100
"873",2,8,59.48109,0.2,27,57.23,100
"874",2,8,65.192024,0.22,4.4,48.06,100
"875",2,8,17.464249,0.06,13.24,55.8,100
"876",2,8,20.615528,0.07,39.09,53.38,100
"877",2,8,29.068884,0.1,63.43,49.8,100
"878",2,8,24.166092,0.08,24.44,62.18,100
"879",2,8,43.737854,0.15,10.54,51.43,100
"880",2,8,18.788294,0.06,25.2,62.23,100
"881",2,8,26.400757,0.09,37.3,59.58,100
"882",2,8,20.518284,0.07,43.03,54.72,100
"883",2,8,24.5153,0.08,11.77,56.54,100
"884",2,8,46.75468,0.16,41.53,56.15,100
"885",2,8,43.382023,0.15,64.03,57.17,100
"886",2,8,26.24881,0.09,17.74,56.66,100
"887",2,8,21.400934,0.07,52.59,59.34,100
"888",2,8,47.707443,0.16,33.02,56.56,100
"889",2,8,17.888544,0.06,63.43,56.63,100
"890",2,8,17.464249,0.06,13.24,56.91,100
"891",2,8,25.079872,0.08,23.5,56.15,100
"892",2,9,20.12461,0.07,26.57,22.22,100
"893",2,9,15.297058,0.05,11.31,45.52,100
"894",2,9,15.132746,0.05,7.59,44.82,100
"895",2,9,17.088007,0.06,20.56,50.27,100
"896",2,9,73.552704,0.25,7.03,52.94,100
"897",2,9,41.109608,0.14,41.05,53.24,100
"898",2,9,26.400757,0.09,52.7,54.59,100
"899",2,9,16.124516,0.05,7.13,57.79,100
"900",2,9,17.691807,0.06,42.71,53.02,100
"901",2,9,32.01562,0.11,75.53,57.5,100
"902",2,9,53.851646,0.18,58.67,45.57,100
"903",2,9,64.77654,0.22,8.88,60.25,100
"904",2,9,58.5235,0.2,56.85,65.63,100
"905",2,9,19.235384,0.06,27.9,51.59,100
"906",2,9,52.63079,0.18,38.83,63.24,100
"907",2,9,58.59181,0.2,27.44,56.7,100
"908",2,9,16.763054,0.06,17.35,59.05,100
"909",2,9,50,0.17,16.26,53.75,100
"910",2,9,56.859474,0.19,23.86,46.64,100
"911",2,9,29.529646,0.1,28.3,53.1,100
"912",2,9,26.24881,0.09,40.36,46.83,100
"913",2,9,18.248287,0.06,9.46,49.27,100
"914",2,9,55.9017,0.19,10.3,57.93,100
"915",2,9,49.658836,0.17,25.02,59.98,100
"916",2,9,115.316956,0.39,11.5,57.75,100
"917",2,9,60.41523,0.2,24.44,56.56,100
"918",2,9,53.235325,0.18,28.01,59.61,100
"919",2,9,28.319605,0.1,42.14,44,100
"920",2,9,33.24154,0.11,15.71,56.43,100
"921",2,9,20.880613,0.07,16.7,58.82,100
"922",2,9,46.32494,0.16,32.66,59.71,100
"923",2,9,23.43075,0.08,50.19,55.96,100
"924",2,9,29.681644,0.1,32.62,57.53,100
"925",2,9,104.307236,0.35,32.47,58.94,100
"926",2,9,39.39543,0.13,23.96,58.62,100
"927",2,9,42.755116,0.14,10.78,58.16,100
"928",2,9,25.612497,0.09,51.34,56.54,100
"929",2,9,37.64306,0.13,39.61,52.93,100
"930",2,9,36.05551,0.12,33.69,55.52,100
"931",2,9,34.058773,0.11,40.24,54.01,100
"932",2,9,21.023796,0.07,25.35,59.22,100
"933",2,10,24.04163,0.08,16.93,36.73,100
"934",2,10,26.907248,0.09,48.01,41.98,100
"935",2,10,22.671568,0.08,48.58,43.81,100
"936",2,10,52.49762,0.18,40.36,45.85,100
"937",2,10,25.495098,0.09,41.82,58.62,100
"938",2,10,52.924473,0.18,22.2,46.96,100
"939",2,10,65,0.22,30.51,59.4,100
"940",2,10,66.6033,0.22,41.35,55.21,100
"941",2,10,15.6205,0.05,39.81,47.24,100
"942",2,10,62.369865,0.21,12.03,60.11,100
"943",2,10,58.5235,0.2,16.89,50.21,100
"944",2,10,30.083218,0.1,15.42,52,100
"945",2,10,26.24881,0.09,49.64,41.75,100
"946",2,10,83.00603,0.28,36.18,52.51,100
"947",2,10,40.496914,0.14,57.09,49.58,100
"948",2,10,38.078865,0.13,66.8,41.87,100
